timestamp,location,longitude,latitude,elevation,longitude(index),latitude(index),eMAS_file,Aeronet_file,cval_eMAS,nval_eMAS,meanval_eMAS_550,std_eMAS,nval_aeronet,std_aeronet,meanval_aeronet_550_intrp,meanval_aeronet_550_intrp_r2,meanval_aeronet_1640,meanval_aeronet_1020,meanval_aeronet_870,meanval_aeronet_675,meanval_aeronet_667,meanval_aeronet_555,meanval_aeronet_551,meanval_aeronet_532,meanval_aeronet_531,meanval_aeronet_500,meanval_aeronet_490,meanval_aeronet_443,meanval_aeronet_440,meanval_aeronet_412,meanval_aeronet_380,meanval_aeronet_340
2013-08-06 18:06:00,Fresno_2,-119.773,36.785,100.0,62,27,/Volumes/NASA_Spencer/SEAC4RS/DATA/eMAS_Data/Aug/Emas_06Aug/eMASL2AER_13950_01_20130806_1806_1817_20160627_1515.hdf,/Volumes/NASA_Spencer/SEAC4RS/DATA/Aeronet_Data/920801_160611_Fresno_2.lev20,--,0,nan,nan,0,nan,nan,nan,nan,nan,nan,nan,nan,nan,nan,nan,nan,nan,nan,nan,nan,nan,nan,nan
2013-09-04 20:02:00,DRAGON_Galveston,-94.861,29.254,1.0,422,38,/Volumes/NASA_Spencer/SEAC4RS/DATA/eMAS_Data/Sept/Emas_04Sept/eMASL2AER_13961_23_20130904_2002_2014_20160628_0928.hdf,/Volumes/NASA_Spencer/SEAC4RS/DATA/Aeronet_Data/130501_131101_DRAGON_Galveston.lev20,--,0,nan,nan,6,0.016845378804440838,0.155515358387,0.994661328844,0.05867766666666666,0.06744850000000001,0.092051,0.11199999999999999,nan,nan,nan,nan,nan,0.18353283333333334,nan,nan,0.20759516666666666,nan,0.2570523333333334,0.29737233333333335
2013-09-04 20:02:00,DRAGON_Galveston_DP,-94.861,29.254,1.0,422,38,/Volumes/NASA_Spencer/SEAC4RS/DATA/eMAS_Data/Sept/Emas_04Sept/eMASL2AER_13961_23_20130904_2002_2014_20160628_0928.hdf,/Volumes/NASA_Spencer/SEAC4RS/DATA/Aeronet_Data/130501_131101_DRAGON_Galveston_DP.lev20,--,0,nan,nan,0,nan,nan,nan,nan,nan,nan,nan,nan,nan,nan,nan,nan,nan,nan,nan,nan,nan,nan,nan
2013-09-09 16:59:00,DRAGON_Conroe,-95.425,30.35,72.0,123,34,/Volumes/NASA_Spencer/SEAC4RS/DATA/eMAS_Data/Sept/Emas_09Sept/eMASL2AER_13963_01_20130909_1659_1714_20160628_0938.hdf,/Volumes/NASA_Spencer/SEAC4RS/DATA/Aeronet_Data/130501_131101_DRAGON_Conroe.lev20,--,58,0.429396551724,0.0917049127506,1,0.0,0.119148329527,0.999238905185,nan,0.038959,0.050607,0.080715,nan,nan,nan,nan,nan,0.145189,nan,nan,0.167622,nan,0.21583899999999998,0.239497
2013-09-09 18:41:00,Calipso_Carthage,-94.066,32.064,80.0,23,35,/Volumes/NASA_Spencer/SEAC4RS/DATA/eMAS_Data/Sept/Emas_09Sept/eMASL2AER_13963_06_20130909_1841_1909_20160628_0941.hdf,/Volumes/NASA_Spencer/SEAC4RS/DATA/Aeronet_Data/130501_131101_Calipso_Carthage.lev20,--,221,0.168520361991,0.0727760824906,16,0.006020025831788869,0.127074247908,0.990193414686,0.029716874999999997,0.03778999999999999,0.06528768749999998,0.0837930625,nan,nan,nan,nan,nan,0.1511965,nan,nan,0.18533925,nan,0.23223387500000003,0.27929675
2013-09-09 18:41:00,Calipso_Sabine_Frst,-93.867,31.607,68.0,184,52,/Volumes/NASA_Spencer/SEAC4RS/DATA/eMAS_Data/Sept/Emas_09Sept/eMASL2AER_13963_06_20130909_1841_1909_20160628_0941.hdf,/Volumes/NASA_Spencer/SEAC4RS/DATA/Aeronet_Data/130501_131101_Calipso_Sabine_Frst.lev20,0.193,200,0.194795,0.0304993930267,4,0.00783753551021632,0.133808048368,0.986435545267,0.02365425,0.037564,0.06842100000000001,0.07836725,nan,nan,nan,nan,nan,0.164762,nan,nan,0.1990625,nan,0.240952,0.27005425
2013-09-09 19:56:00,Calipso_Carthage,-94.066,32.064,80.0,260,44,/Volumes/NASA_Spencer/SEAC4RS/DATA/eMAS_Data/Sept/Emas_09Sept/eMASL2AER_13963_09_20130909_1956_2009_20160628_0942.hdf,/Volumes/NASA_Spencer/SEAC4RS/DATA/Aeronet_Data/130501_131101_Calipso_Carthage.lev20,0.046,172,0.247447674419,0.0764085762061,15,0.006615943473531071,0.160123815289,0.995632862001,0.033313866666666664,0.052540866666666665,0.08183480000000001,0.10742333333333336,nan,nan,nan,nan,nan,0.19009706666666668,nan,nan,0.2313594666666667,nan,0.2896548666666666,0.3439111333333333
2013-09-09 20:15:00,Calipso_Carthage,-94.066,32.064,80.0,321,27,/Volumes/NASA_Spencer/SEAC4RS/DATA/eMAS_Data/Sept/Emas_09Sept/eMASL2AER_13963_10_20130909_2015_2030_20160628_0943.hdf,/Volumes/NASA_Spencer/SEAC4RS/DATA/Aeronet_Data/130501_131101_Calipso_Carthage.lev20,0.068,176,0.2503125,0.0708764855745,15,0.007148952329132088,0.164261915007,0.996082475622,0.03344213333333333,0.054061733333333334,0.08349066666666666,0.11028586666666668,nan,nan,nan,nan,nan,0.19513313333333338,nan,nan,0.23692566666666673,nan,0.296776,0.3514126666666667
2013-09-09 20:37:00,Calipso_Carthage,-94.066,32.064,80.0,322,44,/Volumes/NASA_Spencer/SEAC4RS/DATA/eMAS_Data/Sept/Emas_09Sept/eMASL2AER_13963_11_20130909_2037_2052_20160628_0943.hdf,/Volumes/NASA_Spencer/SEAC4RS/DATA/Aeronet_Data/130501_131101_Calipso_Carthage.lev20,0.098,185,0.238659459459,0.0568890596971,9,0.00550551235876737,0.168106345257,0.996340566251,0.033597444444444444,0.055675,0.08550655555555556,0.11319555555555555,nan,nan,nan,nan,nan,0.19963777777777778,nan,nan,0.24145100000000003,nan,0.30242722222222224,0.35726722222222224
2013-09-09 20:52:00,Leland_HS,-90.893,33.402,37.0,741,45,/Volumes/NASA_Spencer/SEAC4RS/DATA/eMAS_Data/Sept/Emas_09Sept/eMASL2AER_13963_12_20130909_2052_2121_20160628_0944.hdf,/Volumes/NASA_Spencer/SEAC4RS/DATA/Aeronet_Data/920801_160611_Leland_HS.lev20,0.709,111,0.671666666667,0.135204705215,3,0.009278350831220354,0.387988424839,0.999865861282,0.07713033333333334,0.12602133333333335,0.16690733333333332,0.26927133333333336,nan,nan,nan,nan,nan,0.4597339999999999,nan,nan,0.5543196666666667,nan,0.6724963333333333,0.7726540000000001
2013-09-09 21:37:00,Baskin,-91.739,32.282,23.0,261,35,/Volumes/NASA_Spencer/SEAC4RS/DATA/eMAS_Data/Sept/Emas_09Sept/eMASL2AER_13963_14_20130909_2137_2150_20160628_0945.hdf,/Volumes/NASA_Spencer/SEAC4RS/DATA/Aeronet_Data/920801_160611_Baskin.lev20,0.319,131,0.26158778626,0.0495056277515,8,0.01591321334868578,0.227060943777,0.99938028555,nan,0.06564225,0.092650125,0.148615375,nan,nan,nan,nan,nan,0.277564125,nan,nan,0.33161687500000003,nan,0.407176125,0.4764168750000001
2013-09-09 21:57:00,Baskin,-91.739,32.282,23.0,299,36,/Volumes/NASA_Spencer/SEAC4RS/DATA/eMAS_Data/Sept/Emas_09Sept/eMASL2AER_13963_15_20130909_2157_2212_20160628_0945.hdf,/Volumes/NASA_Spencer/SEAC4RS/DATA/Aeronet_Data/920801_160611_Baskin.lev20,--,131,0.238816793893,0.0301109402975,13,0.020991124290362633,0.209063243525,0.999346461832,nan,0.06082269230769232,0.08571746153846155,0.1367315384615385,nan,nan,nan,nan,nan,0.2556986153846154,nan,nan,0.30578676923076925,nan,0.37618376923076924,0.4406012307692308
2013-09-09 22:19:00,Baskin,-91.739,32.282,23.0,275,35,/Volumes/NASA_Spencer/SEAC4RS/DATA/eMAS_Data/Sept/Emas_09Sept/eMASL2AER_13963_16_20130909_2219_2233_20160628_0945.hdf,/Volumes/NASA_Spencer/SEAC4RS/DATA/Aeronet_Data/920801_160611_Baskin.lev20,0.261,135,0.241237037037,0.0271015121643,17,0.017604501517864017,0.193325479939,0.999382068921,nan,0.057235176470588234,0.0801824705882353,0.12694129411764707,nan,nan,nan,nan,nan,0.23586888235294115,nan,nan,0.2826653529411765,nan,0.3484431764705883,0.407874
2013-09-09 22:40:00,Baskin,-91.739,32.282,23.0,309,36,/Volumes/NASA_Spencer/SEAC4RS/DATA/eMAS_Data/Sept/Emas_09Sept/eMASL2AER_13963_17_20130909_2240_2254_20160628_0946.hdf,/Volumes/NASA_Spencer/SEAC4RS/DATA/Aeronet_Data/920801_160611_Baskin.lev20,--,175,0.263285714286,0.0268880976627,14,0.007469120199616435,0.184617626456,0.999403581459,nan,0.055106999999999996,0.07685842857142858,0.12136978571428572,nan,nan,nan,nan,nan,0.22517642857142858,nan,nan,0.2701489285714285,nan,0.33357899999999996,0.39064914285714286
2013-09-09 22:40:00,Caldwell_Parish_HS,-92.096,32.06,50.0,197,0,/Volumes/NASA_Spencer/SEAC4RS/DATA/eMAS_Data/Sept/Emas_09Sept/eMASL2AER_13963_17_20130909_2240_2254_20160628_0946.hdf,/Volumes/NASA_Spencer/SEAC4RS/DATA/Aeronet_Data/920801_160611_Caldwell_Parish_HS.lev20,0.319,101,0.332623762376,0.019367141452,0,nan,nan,nan,nan,nan,nan,nan,nan,nan,nan,nan,nan,nan,nan,nan,nan,nan,nan,nan
2013-09-09 23:01:00,Baskin,-91.739,32.282,23.0,278,35,/Volumes/NASA_Spencer/SEAC4RS/DATA/eMAS_Data/Sept/Emas_09Sept/eMASL2AER_13963_18_20130909_2301_2315_20160628_0946.hdf,/Volumes/NASA_Spencer/SEAC4RS/DATA/Aeronet_Data/920801_160611_Baskin.lev20,0.257,128,0.24309375,0.0246457518842,10,0.010474504874370185,0.187212074506,0.999584844955,nan,0.05650190000000001,0.07813859999999999,0.12392650000000001,nan,nan,nan,nan,nan,0.2272071,nan,nan,0.2736794,nan,0.3381579,0.39458190000000004
2013-09-09 23:33:00,DRAGON_Channel_View,-95.126,29.802,10.0,392,10,/Volumes/NASA_Spencer/SEAC4RS/DATA/eMAS_Data/Sept/Emas_09Sept/eMASL2AER_13963_21_20130909_2333_2346_20160628_0947.hdf,/Volumes/NASA_Spencer/SEAC4RS/DATA/Aeronet_Data/130501_131101_DRAGON_Channel_View.lev20,--,0,nan,nan,0,nan,nan,nan,nan,nan,nan,nan,nan,nan,nan,nan,nan,nan,nan,nan,nan,nan,nan,nan
2013-09-09 23:33:00,DRAGON_Clinton,-95.257,29.734,10.0,431,2,/Volumes/NASA_Spencer/SEAC4RS/DATA/eMAS_Data/Sept/Emas_09Sept/eMASL2AER_13963_21_20130909_2333_2346_20160628_0947.hdf,/Volumes/NASA_Spencer/SEAC4RS/DATA/Aeronet_Data/130501_131101_DRAGON_Clinton.lev20,--,0,nan,nan,0,nan,nan,nan,nan,nan,nan,nan,nan,nan,nan,nan,nan,nan,nan,nan,nan,nan,nan,nan
2013-09-09 23:33:00,DRAGON_Deer_Park,-95.128,29.67,10.0,425,30,/Volumes/NASA_Spencer/SEAC4RS/DATA/eMAS_Data/Sept/Emas_09Sept/eMASL2AER_13963_21_20130909_2333_2346_20160628_0947.hdf,/Volumes/NASA_Spencer/SEAC4RS/DATA/Aeronet_Data/130501_131101_DRAGON_Deer_Park.lev20,--,0,nan,nan,0,nan,nan,nan,nan,nan,nan,nan,nan,nan,nan,nan,nan,nan,nan,nan,nan,nan,nan,nan
2013-09-09 23:33:00,DRAGON_SeabrookPark,-95.016,29.583,4.0,427,63,/Volumes/NASA_Spencer/SEAC4RS/DATA/eMAS_Data/Sept/Emas_09Sept/eMASL2AER_13963_21_20130909_2333_2346_20160628_0947.hdf,/Volumes/NASA_Spencer/SEAC4RS/DATA/Aeronet_Data/130501_131101_DRAGON_SeabrookPark.lev20,--,0,nan,nan,0,nan,nan,nan,nan,nan,nan,nan,nan,nan,nan,nan,nan,nan,nan,nan,nan,nan,nan,nan
2013-08-14 18:44:00,Mingo,-90.143,36.972,111.0,324,38,/Volumes/NASA_Spencer/SEAC4RS/DATA/eMAS_Data/Aug/Emas_14Aug/eMASL2AER_13953_09_20130814_1844_1856_20160627_1518.hdf,/Volumes/NASA_Spencer/SEAC4RS/DATA/Aeronet_Data/920801_160611_Mingo.lev20,0.098,149,0.110006711409,0.0372793727524,4,0.002853775587145506,0.0788402447457,0.979578341502,0.025218499999999998,0.01736025,0.033596999999999995,0.05073175,nan,nan,nan,nan,nan,0.09813,nan,nan,0.10640074999999999,nan,0.13579824999999998,0.14910675
2013-08-14 19:04:00,Mingo,-90.143,36.972,111.0,159,33,/Volumes/NASA_Spencer/SEAC4RS/DATA/eMAS_Data/Aug/Emas_14Aug/eMASL2AER_13953_10_20130814_1904_1917_20160627_1519.hdf,/Volumes/NASA_Spencer/SEAC4RS/DATA/Aeronet_Data/920801_160611_Mingo.lev20,0.052,186,0.105865591398,0.0402192672883,4,0.002312094487612819,0.0786437136895,0.979854596013,0.025141749999999997,0.017490250000000002,0.033637249999999994,0.05072025,nan,nan,nan,nan,nan,0.097842,nan,nan,0.105792,nan,0.13484549999999998,0.14774425
2013-08-14 20:15:00,Calipso_Sabine_Frst,-93.867,31.607,68.0,780,58,/Volumes/NASA_Spencer/SEAC4RS/DATA/eMAS_Data/Aug/Emas_14Aug/eMASL2AER_13953_15_20130814_2015_2048_20160627_1521.hdf,/Volumes/NASA_Spencer/SEAC4RS/DATA/Aeronet_Data/130501_131101_Calipso_Sabine_Frst.lev20,--,0,nan,nan,0,nan,nan,nan,nan,nan,nan,nan,nan,nan,nan,nan,nan,nan,nan,nan,nan,nan,nan,nan
2013-08-27 21:12:00,Upper_Buffalo,-93.203,35.826,722.0,633,35,/Volumes/NASA_Spencer/SEAC4RS/DATA/eMAS_Data/Aug/Emas_27Aug/eMASL2AER_13958_19_20130827_2112_2133_20160627_1558.hdf,/Volumes/NASA_Spencer/SEAC4RS/DATA/Aeronet_Data/920801_160611_Upper_Buffalo.lev20,0.237,139,0.243827338129,0.0341340834871,1,0.0,0.128155966707,0.996186796637,nan,0.036731,0.054702999999999995,0.080134,nan,nan,nan,nan,nan,0.160851,nan,nan,0.187444,nan,0.22549499999999997,0.266856
2013-08-27 22:27:00,DRAGON_Channel_View,-95.126,29.802,10.0,141,35,/Volumes/NASA_Spencer/SEAC4RS/DATA/eMAS_Data/Aug/Emas_27Aug/eMASL2AER_13958_23_20130827_2227_2241_20160627_1600.hdf,/Volumes/NASA_Spencer/SEAC4RS/DATA/Aeronet_Data/130501_131101_DRAGON_Channel_View.lev20,--,100,0.17977,0.0204484009155,2,0.0037912499999999986,0.156629537443,0.996613691368,0.0871625,0.10166700000000001,0.117792,0.12919049999999999,nan,nan,nan,nan,nan,0.1725705,nan,nan,0.1906455,nan,0.22120700000000001,0.24782099999999999
2013-08-27 22:27:00,DRAGON_Clinton,-95.257,29.734,10.0,167,7,/Volumes/NASA_Spencer/SEAC4RS/DATA/eMAS_Data/Aug/Emas_27Aug/eMASL2AER_13958_23_20130827_2227_2241_20160627_1600.hdf,/Volumes/NASA_Spencer/SEAC4RS/DATA/Aeronet_Data/130501_131101_DRAGON_Clinton.lev20,--,60,0.258616666667,0.0290379588738,0,nan,nan,nan,nan,nan,nan,nan,nan,nan,nan,nan,nan,nan,nan,nan,nan,nan,nan,nan
2013-08-27 22:27:00,DRAGON_Deer_Park,-95.128,29.67,10.0,182,42,/Volumes/NASA_Spencer/SEAC4RS/DATA/eMAS_Data/Aug/Emas_27Aug/eMASL2AER_13958_23_20130827_2227_2241_20160627_1600.hdf,/Volumes/NASA_Spencer/SEAC4RS/DATA/Aeronet_Data/130501_131101_DRAGON_Deer_Park.lev20,--,69,0.232362318841,0.0388512477238,14,0.01456894597349499,0.196494041863,0.999561513408,0.10798321428571427,0.13324785714285717,0.14326014285714286,0.16854192857142855,nan,nan,nan,nan,nan,0.21357950000000003,nan,nan,0.2358856428571429,nan,0.2641395714285714,0.2973689285714286
2013-08-27 22:27:00,DRAGON_SeabrookPark,-95.016,29.583,4.0,208,69,/Volumes/NASA_Spencer/SEAC4RS/DATA/eMAS_Data/Aug/Emas_27Aug/eMASL2AER_13958_23_20130827_2227_2241_20160627_1600.hdf,/Volumes/NASA_Spencer/SEAC4RS/DATA/Aeronet_Data/130501_131101_DRAGON_SeabrookPark.lev20,--,45,0.222244444444,0.0238291656548,0,nan,nan,nan,nan,nan,nan,nan,nan,nan,nan,nan,nan,nan,nan,nan,nan,nan,nan,nan
2013-08-27 22:27:00,DRAGON_UH_W_Liberty,-94.978,30.058,24.0,50,59,/Volumes/NASA_Spencer/SEAC4RS/DATA/eMAS_Data/Aug/Emas_27Aug/eMASL2AER_13958_23_20130827_2227_2241_20160627_1600.hdf,/Volumes/NASA_Spencer/SEAC4RS/DATA/Aeronet_Data/130501_131101_DRAGON_UH_W_Liberty.lev20,0.123,156,0.176397435897,0.0425348544088,14,0.0059042762535582265,0.138483191397,0.992099583937,0.0625575,0.07468871428571429,0.092426,0.10102385714285714,nan,nan,nan,nan,nan,0.16102664285714283,nan,nan,0.18212592857142856,nan,0.21666214285714283,0.24438164285714287
2013-08-27 22:27:00,UH_Coastal_Center,-95.043,29.388,5.0,274,70,/Volumes/NASA_Spencer/SEAC4RS/DATA/eMAS_Data/Aug/Emas_27Aug/eMASL2AER_13958_23_20130827_2227_2241_20160627_1600.hdf,/Volumes/NASA_Spencer/SEAC4RS/DATA/Aeronet_Data/920801_160611_UH_Coastal_Center.lev20,0.219,100,0.18573,0.0359482558687,0,nan,nan,nan,nan,nan,nan,nan,nan,nan,nan,nan,nan,nan,nan,nan,nan,nan,nan,nan
2013-08-27 22:46:00,DRAGON_Channel_View,-95.126,29.802,10.0,547,28,/Volumes/NASA_Spencer/SEAC4RS/DATA/eMAS_Data/Aug/Emas_27Aug/eMASL2AER_13958_25_20130827_2246_2316_20160627_1601.hdf,/Volumes/NASA_Spencer/SEAC4RS/DATA/Aeronet_Data/130501_131101_DRAGON_Channel_View.lev20,0.135,84,0.16044047619,0.0244936100464,2,0.0037912499999999986,0.156629537443,0.996613691368,0.0871625,0.10166700000000001,0.117792,0.12919049999999999,nan,nan,nan,nan,nan,0.1725705,nan,nan,0.1906455,nan,0.22120700000000001,0.24782099999999999
2013-08-27 22:46:00,DRAGON_Clinton,-95.257,29.734,10.0,586,33,/Volumes/NASA_Spencer/SEAC4RS/DATA/eMAS_Data/Aug/Emas_27Aug/eMASL2AER_13958_25_20130827_2246_2316_20160627_1601.hdf,/Volumes/NASA_Spencer/SEAC4RS/DATA/Aeronet_Data/130501_131101_DRAGON_Clinton.lev20,--,25,0.09536,0.0177761188115,0,nan,nan,nan,nan,nan,nan,nan,nan,nan,nan,nan,nan,nan,nan,nan,nan,nan,nan,nan
2013-08-27 22:46:00,DRAGON_Deer_Park,-95.128,29.67,10.0,562,59,/Volumes/NASA_Spencer/SEAC4RS/DATA/eMAS_Data/Aug/Emas_27Aug/eMASL2AER_13958_25_20130827_2246_2316_20160627_1601.hdf,/Volumes/NASA_Spencer/SEAC4RS/DATA/Aeronet_Data/130501_131101_DRAGON_Deer_Park.lev20,--,58,0.186155172414,0.0185841995589,9,0.01668646352421605,0.193059430375,0.999592389109,0.10456422222222223,0.12948422222222222,0.1395331111111111,0.16468233333333335,nan,nan,nan,nan,nan,0.2102166666666667,nan,nan,0.2329478888888889,nan,0.2616366666666667,0.2944555555555556
2013-08-27 22:46:00,DRAGON_ManvelCroix,-95.393,29.52,19.0,667,51,/Volumes/NASA_Spencer/SEAC4RS/DATA/eMAS_Data/Aug/Emas_27Aug/eMASL2AER_13958_25_20130827_2246_2316_20160627_1601.hdf,/Volumes/NASA_Spencer/SEAC4RS/DATA/Aeronet_Data/130501_131101_DRAGON_ManvelCroix.lev20,--,0,nan,nan,0,nan,nan,nan,nan,nan,nan,nan,nan,nan,nan,nan,nan,nan,nan,nan,nan,nan,nan,nan
2013-08-27 22:46:00,DRAGON_UH_Sugarland,-95.652,29.574,22.0,681,0,/Volumes/NASA_Spencer/SEAC4RS/DATA/eMAS_Data/Aug/Emas_27Aug/eMASL2AER_13958_25_20130827_2246_2316_20160627_1601.hdf,/Volumes/NASA_Spencer/SEAC4RS/DATA/Aeronet_Data/130501_131101_DRAGON_UH_Sugarland.lev20,--,0,nan,nan,0,nan,nan,nan,nan,nan,nan,nan,nan,nan,nan,nan,nan,nan,nan,nan,nan,nan,nan,nan
2013-08-27 22:46:00,Univ_of_Houston,-95.342,29.718,65.0,607,26,/Volumes/NASA_Spencer/SEAC4RS/DATA/eMAS_Data/Aug/Emas_27Aug/eMASL2AER_13958_25_20130827_2246_2316_20160627_1601.hdf,/Volumes/NASA_Spencer/SEAC4RS/DATA/Aeronet_Data/920801_160611_Univ_of_Houston.lev20,--,7,0.175142857143,0.0261284113094,0,nan,nan,nan,nan,nan,nan,nan,nan,nan,nan,nan,nan,nan,nan,nan,nan,nan,nan,nan
2013-08-23 15:58:00,Leland_HS,-90.893,33.402,37.0,181,29,/Volumes/NASA_Spencer/SEAC4RS/DATA/eMAS_Data/Aug/Emas_23Aug/eMASL2AER_13957_02_20130823_1558_1621_20160627_1546.hdf,/Volumes/NASA_Spencer/SEAC4RS/DATA/Aeronet_Data/920801_160611_Leland_HS.lev20,0.973,89,0.874786516854,0.423299014349,0,nan,nan,nan,nan,nan,nan,nan,nan,nan,nan,nan,nan,nan,nan,nan,nan,nan,nan,nan
2013-08-23 16:27:00,Leland_HS,-90.893,33.402,37.0,772,42,/Volumes/NASA_Spencer/SEAC4RS/DATA/eMAS_Data/Aug/Emas_23Aug/eMASL2AER_13957_03_20130823_1627_1654_20160627_1547.hdf,/Volumes/NASA_Spencer/SEAC4RS/DATA/Aeronet_Data/920801_160611_Leland_HS.lev20,--,60,0.928783333333,0.217875047651,0,nan,nan,nan,nan,nan,nan,nan,nan,nan,nan,nan,nan,nan,nan,nan,nan,nan,nan,nan
2013-08-23 17:01:00,Leland_HS,-90.893,33.402,37.0,272,28,/Volumes/NASA_Spencer/SEAC4RS/DATA/eMAS_Data/Aug/Emas_23Aug/eMASL2AER_13957_04_20130823_1701_1727_20160627_1548.hdf,/Volumes/NASA_Spencer/SEAC4RS/DATA/Aeronet_Data/920801_160611_Leland_HS.lev20,--,29,1.14513793103,0.162716746513,0,nan,nan,nan,nan,nan,nan,nan,nan,nan,nan,nan,nan,nan,nan,nan,nan,nan,nan,nan
2013-08-23 19:33:00,Leland_HS,-90.893,33.402,37.0,106,28,/Volumes/NASA_Spencer/SEAC4RS/DATA/eMAS_Data/Aug/Emas_23Aug/eMASL2AER_13957_12_20130823_1933_1957_20160627_1551.hdf,/Volumes/NASA_Spencer/SEAC4RS/DATA/Aeronet_Data/920801_160611_Leland_HS.lev20,--,49,1.49048979592,0.346879860544,0,nan,nan,nan,nan,nan,nan,nan,nan,nan,nan,nan,nan,nan,nan,nan,nan,nan,nan,nan
2013-08-23 20:04:00,Leland_HS,-90.893,33.402,37.0,646,43,/Volumes/NASA_Spencer/SEAC4RS/DATA/eMAS_Data/Aug/Emas_23Aug/eMASL2AER_13957_13_20130823_2004_2028_20160627_1551.hdf,/Volumes/NASA_Spencer/SEAC4RS/DATA/Aeronet_Data/920801_160611_Leland_HS.lev20,0.856,36,0.859527777778,0.123017046269,0,nan,nan,nan,nan,nan,nan,nan,nan,nan,nan,nan,nan,nan,nan,nan,nan,nan,nan,nan
2013-08-23 20:48:00,Leland_HS,-90.893,33.402,37.0,92,28,/Volumes/NASA_Spencer/SEAC4RS/DATA/eMAS_Data/Aug/Emas_23Aug/eMASL2AER_13957_14_20130823_2048_2113_20160627_1552.hdf,/Volumes/NASA_Spencer/SEAC4RS/DATA/Aeronet_Data/920801_160611_Leland_HS.lev20,--,39,0.909256410256,0.132827190209,0,nan,nan,nan,nan,nan,nan,nan,nan,nan,nan,nan,nan,nan,nan,nan,nan,nan,nan,nan
2013-08-01 21:52:00,Fresno_2,-119.773,36.785,100.0,119,38,/Volumes/NASA_Spencer/SEAC4RS/DATA/eMAS_Data/Aug/Emas_01Aug/eMASL2AER_13948_01_20130801_2152_2210_20160627_1507.hdf,/Volumes/NASA_Spencer/SEAC4RS/DATA/Aeronet_Data/920801_160611_Fresno_2.lev20,--,14,0.413357142857,0.033174015526,4,0.012026812344267118,0.0643514634151,0.94382121714,nan,0.009089249999999998,0.03511875,0.044615249999999995,nan,nan,nan,nan,nan,0.0670125,nan,nan,0.061081500000000004,nan,0.079118,0.066196
2013-08-01 22:12:00,Monterey,-121.855,36.593,50.0,243,36,/Volumes/NASA_Spencer/SEAC4RS/DATA/eMAS_Data/Aug/Emas_01Aug/eMASL2AER_13948_02_20130801_2212_2225_20160627_1507.hdf,/Volumes/NASA_Spencer/SEAC4RS/DATA/Aeronet_Data/920801_160611_Monterey.lev20,--,52,-0.00432692307692,0.0409336804872,0,nan,nan,nan,nan,nan,nan,nan,nan,nan,nan,nan,nan,nan,nan,nan,nan,nan,nan,nan
2013-08-01 22:48:00,UCSB,-119.845,34.415,33.0,231,10,/Volumes/NASA_Spencer/SEAC4RS/DATA/eMAS_Data/Aug/Emas_01Aug/eMASL2AER_13948_04_20130801_2248_2302_20160627_1508.hdf,/Volumes/NASA_Spencer/SEAC4RS/DATA/Aeronet_Data/920801_160611_UCSB.lev20,--,25,0.12692,0.0528612674839,0,nan,nan,nan,nan,nan,nan,nan,nan,nan,nan,nan,nan,nan,nan,nan,nan,nan,nan,nan
2013-08-30 17:59:00,SEARCH-Centreville2,-87.25,32.903,126.0,335,36,/Volumes/NASA_Spencer/SEAC4RS/DATA/eMAS_Data/Aug/Emas_30Aug/eMASL2AER_13959_03_20130830_1759_1827_20160627_1603.hdf,/Volumes/NASA_Spencer/SEAC4RS/DATA/Aeronet_Data/130501_131101_SEARCH-Centreville2.lev20,--,39,1.11205128205,0.169412854645,3,0.002637519512014143,0.37884936147,0.999068183144,0.057231333333333335,0.10854066666666666,0.16337033333333334,0.25658766666666666,nan,nan,nan,nan,nan,0.44585766666666665,nan,nan,0.5353176666666667,nan,0.649743,0.7242796666666665
2013-08-30 17:59:00,SEARCH-Centreville,-87.25,32.903,126.0,335,36,/Volumes/NASA_Spencer/SEAC4RS/DATA/eMAS_Data/Aug/Emas_30Aug/eMASL2AER_13959_03_20130830_1759_1827_20160627_1603.hdf,/Volumes/NASA_Spencer/SEAC4RS/DATA/Aeronet_Data/920801_160611_SEARCH-Centreville.lev20,--,39,1.11205128205,0.169412854645,3,0.014717934865758703,0.413665407022,0.969579527038,0.09634,0.10218933333333334,0.21324866666666664,0.27781466666666665,nan,nan,nan,nan,nan,0.459624,nan,nan,0.550236,nan,0.6827006666666667,nan
2013-08-30 18:54:00,IMPROVE-MammothCave,-86.148,37.132,235.0,368,36,/Volumes/NASA_Spencer/SEAC4RS/DATA/eMAS_Data/Aug/Emas_30Aug/eMASL2AER_13959_05_20130830_1854_1909_20160627_1604.hdf,/Volumes/NASA_Spencer/SEAC4RS/DATA/Aeronet_Data/920801_160611_IMPROVE-MammothCave.lev20,--,110,0.501690909091,0.118084079864,0,nan,nan,nan,nan,nan,nan,nan,nan,nan,nan,nan,nan,nan,nan,nan,nan,nan,nan,nan
2013-08-30 19:17:00,IMPROVE-MammothCave,-86.148,37.132,235.0,241,36,/Volumes/NASA_Spencer/SEAC4RS/DATA/eMAS_Data/Aug/Emas_30Aug/eMASL2AER_13959_07_20130830_1917_1930_20160627_1604.hdf,/Volumes/NASA_Spencer/SEAC4RS/DATA/Aeronet_Data/920801_160611_IMPROVE-MammothCave.lev20,0.629,90,0.581277777778,0.158474605591,1,0.0,0.262557941237,0.997862410267,0.055813999999999996,0.077149,0.115829,0.178393,nan,nan,nan,nan,nan,0.310835,nan,nan,0.377539,nan,0.48095299999999996,0.546183
2013-08-30 19:39:00,IMPROVE-MammothCave,-86.148,37.132,235.0,248,36,/Volumes/NASA_Spencer/SEAC4RS/DATA/eMAS_Data/Aug/Emas_30Aug/eMASL2AER_13959_09_20130830_1939_1952_20160627_1605.hdf,/Volumes/NASA_Spencer/SEAC4RS/DATA/Aeronet_Data/920801_160611_IMPROVE-MammothCave.lev20,0.342,187,0.383438502674,0.0611588640009,2,0.013719937500000005,0.276608205445,0.997954863178,0.057757,0.08118600000000001,0.12182950000000001,0.1878795,nan,nan,nan,nan,nan,0.327688,nan,nan,0.39722650000000004,nan,0.5052205,0.5736675
2013-08-30 20:00:00,IMPROVE-MammothCave,-86.148,37.132,235.0,321,35,/Volumes/NASA_Spencer/SEAC4RS/DATA/eMAS_Data/Aug/Emas_30Aug/eMASL2AER_13959_10_20130830_2000_2009_20160627_1605.hdf,/Volumes/NASA_Spencer/SEAC4RS/DATA/Aeronet_Data/920801_160611_IMPROVE-MammothCave.lev20,--,68,0.414867647059,0.0856550716901,2,0.013719937500000005,0.276608205445,0.997954863178,0.057757,0.08118600000000001,0.12182950000000001,0.1878795,nan,nan,nan,nan,nan,0.327688,nan,nan,0.39722650000000004,nan,0.5052205,0.5736675
2013-08-30 20:16:00,IMPROVE-MammothCave,-86.148,37.132,235.0,33,35,/Volumes/NASA_Spencer/SEAC4RS/DATA/eMAS_Data/Aug/Emas_30Aug/eMASL2AER_13959_11_20130830_2016_2023_20160627_1606.hdf,/Volumes/NASA_Spencer/SEAC4RS/DATA/Aeronet_Data/920801_160611_IMPROVE-MammothCave.lev20,0.486,113,0.44403539823,0.093737812584,1,0.0,0.290658995878,0.998036711235,0.0597,0.08522300000000001,0.12783,0.197366,nan,nan,nan,nan,nan,0.344541,nan,nan,0.416914,nan,0.529488,0.601152
2013-08-30 21:10:00,Mingo,-90.143,36.972,111.0,394,57,/Volumes/NASA_Spencer/SEAC4RS/DATA/eMAS_Data/Aug/Emas_30Aug/eMASL2AER_13959_15_20130830_2110_2121_20160627_1607.hdf,/Volumes/NASA_Spencer/SEAC4RS/DATA/Aeronet_Data/920801_160611_Mingo.lev20,--,0,nan,nan,0,nan,nan,nan,nan,nan,nan,nan,nan,nan,nan,nan,nan,nan,nan,nan,nan,nan,nan,nan
2013-08-30 22:09:00,SEARCH-Centreville2,-87.25,32.903,126.0,243,20,/Volumes/NASA_Spencer/SEAC4RS/DATA/eMAS_Data/Aug/Emas_30Aug/eMASL2AER_13959_19_20130830_2209_2223_20160627_1608.hdf,/Volumes/NASA_Spencer/SEAC4RS/DATA/Aeronet_Data/130501_131101_SEARCH-Centreville2.lev20,--,107,0.697093457944,0.117870872855,0,nan,nan,nan,nan,nan,nan,nan,nan,nan,nan,nan,nan,nan,nan,nan,nan,nan,nan,nan
2013-08-30 22:09:00,SEARCH-Centreville,-87.25,32.903,126.0,243,20,/Volumes/NASA_Spencer/SEAC4RS/DATA/eMAS_Data/Aug/Emas_30Aug/eMASL2AER_13959_19_20130830_2209_2223_20160627_1608.hdf,/Volumes/NASA_Spencer/SEAC4RS/DATA/Aeronet_Data/920801_160611_SEARCH-Centreville.lev20,--,107,0.697093457944,0.117870872855,9,0.019307416135257677,0.313200934076,0.987302813779,0.06533222222222224,0.08242666666666668,0.14902522222222223,0.2075891111111111,nan,nan,nan,nan,nan,0.3600272222222223,nan,nan,0.436942,nan,0.5508165555555556,nan
2013-08-30 22:36:00,Leland_HS,-90.893,33.402,37.0,293,45,/Volumes/NASA_Spencer/SEAC4RS/DATA/eMAS_Data/Aug/Emas_30Aug/eMASL2AER_13959_21_20130830_2236_2250_20160627_1608.hdf,/Volumes/NASA_Spencer/SEAC4RS/DATA/Aeronet_Data/920801_160611_Leland_HS.lev20,--,121,0.943223140496,0.236289236109,2,0.004375571428571422,0.399760819532,0.999977343347,nan,0.117453,0.1609485,0.26835200000000003,nan,nan,nan,nan,nan,0.47774300000000003,nan,nan,0.583305,nan,0.7231829999999999,0.8247994999999999
2013-09-06 16:34:00,DRAGON_UH_Sugarland,-95.652,29.574,22.0,54,57,/Volumes/NASA_Spencer/SEAC4RS/DATA/eMAS_Data/Sept/Emas_06Sept/eMASL2AER_13962_01_20130906_1634_1654_20160628_0929.hdf,/Volumes/NASA_Spencer/SEAC4RS/DATA/Aeronet_Data/130501_131101_DRAGON_UH_Sugarland.lev20,--,62,0.6805,0.139745361744,1,0.0,0.21327731322,0.998499819087,0.05173200000000001,0.063053,0.089364,0.146794,nan,nan,nan,nan,nan,0.25282,nan,nan,0.30176,nan,0.378853,0.41888500000000006
2013-09-06 16:34:00,DRAGON_West_Houston,-95.657,29.833,34.0,112,3,/Volumes/NASA_Spencer/SEAC4RS/DATA/eMAS_Data/Sept/Emas_06Sept/eMASL2AER_13962_01_20130906_1634_1654_20160628_0929.hdf,/Volumes/NASA_Spencer/SEAC4RS/DATA/Aeronet_Data/130501_131101_DRAGON_West_Houston.lev20,1.057,42,0.833023809524,0.137090600577,0,nan,nan,nan,nan,nan,nan,nan,nan,nan,nan,nan,nan,nan,nan,nan,nan,nan,nan,nan
2013-09-06 17:57:00,Cart_Site,-97.486,36.607,318.0,651,43,/Volumes/NASA_Spencer/SEAC4RS/DATA/eMAS_Data/Sept/Emas_06Sept/eMASL2AER_13962_05_20130906_1757_1815_20160628_0931.hdf,/Volumes/NASA_Spencer/SEAC4RS/DATA/Aeronet_Data/920801_160611_Cart_Site.lev20,--,63,0.0292698412698,0.0642596929503,2,0.011174000000000007,0.232283447782,0.988102921674,0.0664105,0.06879299999999999,0.1183845,0.1496675,nan,nan,nan,nan,nan,0.27945,nan,nan,0.33703800000000006,nan,0.4246915,0.491336
2013-09-06 22:10:00,Mingo,-90.143,36.972,111.0,243,35,/Volumes/NASA_Spencer/SEAC4RS/DATA/eMAS_Data/Sept/Emas_06Sept/eMASL2AER_13962_18_20130906_2210_2223_20160628_0936.hdf,/Volumes/NASA_Spencer/SEAC4RS/DATA/Aeronet_Data/920801_160611_Mingo.lev20,0.46,148,0.429702702703,0.0333708602979,4,0.022380979466550984,0.279459207505,0.999792754385,0.0596005,0.0835185,0.11280799999999999,0.18425224999999998,nan,nan,nan,nan,nan,0.34077825,nan,nan,0.41806775,nan,0.536006,0.62146675
2013-09-06 22:34:00,Upper_Buffalo,-93.203,35.826,722.0,279,35,/Volumes/NASA_Spencer/SEAC4RS/DATA/eMAS_Data/Sept/Emas_06Sept/eMASL2AER_13962_20_20130906_2234_2248_20160628_0937.hdf,/Volumes/NASA_Spencer/SEAC4RS/DATA/Aeronet_Data/920801_160611_Upper_Buffalo.lev20,0.087,146,0.0850547945205,0.00793361223151,6,0.007988769523587926,0.0932420814738,0.996207014605,nan,0.027140166666666663,0.03942516666666667,0.05620166666666666,nan,nan,nan,nan,nan,0.11976366666666667,nan,nan,0.14520116666666666,nan,0.18617399999999998,0.22822833333333334
2013-08-19 16:09:00,Cart_Site,-97.486,36.607,318.0,487,36,/Volumes/NASA_Spencer/SEAC4RS/DATA/eMAS_Data/Aug/Emas_19Aug/eMASL2AER_13955_03_20130819_1609_1629_20160627_1530.hdf,/Volumes/NASA_Spencer/SEAC4RS/DATA/Aeronet_Data/920801_160611_Cart_Site.lev20,0.603,151,0.695728476821,0.131316559725,0,nan,nan,nan,nan,nan,nan,nan,nan,nan,nan,nan,nan,nan,nan,nan,nan,nan,nan,nan
2013-08-19 22:05:00,DRAGON_Aldine,-95.326,29.901,20.0,467,38,/Volumes/NASA_Spencer/SEAC4RS/DATA/eMAS_Data/Aug/Emas_19Aug/eMASL2AER_13955_21_20130819_2205_2225_20160627_1538.hdf,/Volumes/NASA_Spencer/SEAC4RS/DATA/Aeronet_Data/130501_131101_DRAGON_Aldine.lev20,0.737,24,0.929291666667,0.101695001175,0,nan,nan,nan,nan,nan,nan,nan,nan,nan,nan,nan,nan,nan,nan,nan,nan,nan,nan,nan
2013-08-19 22:05:00,DRAGON_Channel_View,-95.126,29.802,10.0,532,60,/Volumes/NASA_Spencer/SEAC4RS/DATA/eMAS_Data/Aug/Emas_19Aug/eMASL2AER_13955_21_20130819_2205_2225_20160627_1538.hdf,/Volumes/NASA_Spencer/SEAC4RS/DATA/Aeronet_Data/130501_131101_DRAGON_Channel_View.lev20,--,14,0.9675,0.190585095355,0,nan,nan,nan,nan,nan,nan,nan,nan,nan,nan,nan,nan,nan,nan,nan,nan,nan,nan,nan
2013-08-19 22:05:00,DRAGON_Clinton,-95.257,29.734,10.0,528,27,/Volumes/NASA_Spencer/SEAC4RS/DATA/eMAS_Data/Aug/Emas_19Aug/eMASL2AER_13955_21_20130819_2205_2225_20160627_1538.hdf,/Volumes/NASA_Spencer/SEAC4RS/DATA/Aeronet_Data/130501_131101_DRAGON_Clinton.lev20,--,37,0.613648648649,0.10452782281,0,nan,nan,nan,nan,nan,nan,nan,nan,nan,nan,nan,nan,nan,nan,nan,nan,nan,nan,nan
2013-08-19 22:05:00,DRAGON_Deer_Park,-95.128,29.67,10.0,569,43,/Volumes/NASA_Spencer/SEAC4RS/DATA/eMAS_Data/Aug/Emas_19Aug/eMASL2AER_13955_21_20130819_2205_2225_20160627_1538.hdf,/Volumes/NASA_Spencer/SEAC4RS/DATA/Aeronet_Data/130501_131101_DRAGON_Deer_Park.lev20,--,21,0.879047619048,0.154925012949,1,0.0,0.175215571211,0.999754970405,0.064412,0.081039,0.094144,0.132601,nan,nan,nan,nan,nan,0.20133800000000002,nan,nan,0.236652,nan,0.278361,0.32136
2013-08-19 22:05:00,DRAGON_NW_Harris_CO,-95.674,30.039,51.0,374,0,/Volumes/NASA_Spencer/SEAC4RS/DATA/eMAS_Data/Aug/Emas_19Aug/eMASL2AER_13955_21_20130819_2205_2225_20160627_1538.hdf,/Volumes/NASA_Spencer/SEAC4RS/DATA/Aeronet_Data/130501_131101_DRAGON_NW_Harris_CO.lev20,--,0,nan,nan,0,nan,nan,nan,nan,nan,nan,nan,nan,nan,nan,nan,nan,nan,nan,nan,nan,nan,nan,nan
2013-08-19 22:05:00,DRAGON_SeabrookPark,-95.016,29.583,4.0,613,52,/Volumes/NASA_Spencer/SEAC4RS/DATA/eMAS_Data/Aug/Emas_19Aug/eMASL2AER_13955_21_20130819_2205_2225_20160627_1538.hdf,/Volumes/NASA_Spencer/SEAC4RS/DATA/Aeronet_Data/130501_131101_DRAGON_SeabrookPark.lev20,--,68,0.171735294118,0.0320145268713,0,nan,nan,nan,nan,nan,nan,nan,nan,nan,nan,nan,nan,nan,nan,nan,nan,nan,nan,nan
2013-08-19 22:05:00,UH_Coastal_Center,-95.043,29.388,5.0,666,18,/Volumes/NASA_Spencer/SEAC4RS/DATA/eMAS_Data/Aug/Emas_19Aug/eMASL2AER_13955_21_20130819_2205_2225_20160627_1538.hdf,/Volumes/NASA_Spencer/SEAC4RS/DATA/Aeronet_Data/920801_160611_UH_Coastal_Center.lev20,0.209,139,0.210086330935,0.01874803856,0,nan,nan,nan,nan,nan,nan,nan,nan,nan,nan,nan,nan,nan,nan,nan,nan,nan,nan,nan
2013-08-19 22:05:00,Univ_of_Houston,-95.342,29.718,65.0,517,11,/Volumes/NASA_Spencer/SEAC4RS/DATA/eMAS_Data/Aug/Emas_19Aug/eMASL2AER_13955_21_20130819_2205_2225_20160627_1538.hdf,/Volumes/NASA_Spencer/SEAC4RS/DATA/Aeronet_Data/920801_160611_Univ_of_Houston.lev20,--,38,0.558236842105,0.0662151335105,0,nan,nan,nan,nan,nan,nan,nan,nan,nan,nan,nan,nan,nan,nan,nan,nan,nan,nan,nan
2013-09-11 19:49:00,Baskin,-91.739,32.282,23.0,247,36,/Volumes/NASA_Spencer/SEAC4RS/DATA/eMAS_Data/Sept/Emas_11Sept/eMASL2AER_13964_13_20130911_1949_2002_20160628_0952.hdf,/Volumes/NASA_Spencer/SEAC4RS/DATA/Aeronet_Data/920801_160611_Baskin.lev20,--,103,0.673572815534,0.441531197194,7,0.026069040778030548,0.265972525363,0.999370577797,0.0442795,0.08395657142857142,0.11810971428571428,0.17816742857142856,nan,nan,nan,nan,nan,0.3216772857142857,nan,nan,0.3814045714285714,nan,0.4656737142857143,0.5451332857142858
2013-09-11 19:49:00,Caldwell_Parish_HS,-92.096,32.06,50.0,126,45,/Volumes/NASA_Spencer/SEAC4RS/DATA/eMAS_Data/Sept/Emas_11Sept/eMASL2AER_13964_13_20130911_1949_2002_20160628_0952.hdf,/Volumes/NASA_Spencer/SEAC4RS/DATA/Aeronet_Data/920801_160611_Caldwell_Parish_HS.lev20,--,161,0.436950310559,0.0470334625483,0,nan,nan,nan,nan,nan,nan,nan,nan,nan,nan,nan,nan,nan,nan,nan,nan,nan,nan,nan
2013-09-11 20:10:00,Leland_HS,-90.893,33.402,37.0,248,35,/Volumes/NASA_Spencer/SEAC4RS/DATA/eMAS_Data/Sept/Emas_11Sept/eMASL2AER_13964_14_20130911_2010_2023_20160628_0952.hdf,/Volumes/NASA_Spencer/SEAC4RS/DATA/Aeronet_Data/920801_160611_Leland_HS.lev20,0.595,93,0.495419354839,0.152071171975,4,0.03491733720787691,0.291040256166,0.999670396582,0.049419000000000005,0.0854705,0.1175785,0.19816775,nan,nan,nan,nan,nan,0.349501,nan,nan,0.42284450000000007,nan,0.5191605,0.60835325
2013-08-02 18:32:00,CalTech,-118.126,34.137,260.0,82,5,/Volumes/NASA_Spencer/SEAC4RS/DATA/eMAS_Data/Aug/Emas_02Aug/eMASL2AER_13949_03_20130802_1832_1846_20160627_1509.hdf,/Volumes/NASA_Spencer/SEAC4RS/DATA/Aeronet_Data/920801_160611_CalTech.lev20,--,1,1.205,0.0,0,nan,nan,nan,nan,nan,nan,nan,nan,nan,nan,nan,nan,nan,nan,nan,nan,nan,nan,nan
2013-08-02 18:32:00,USC_SEAPRISM,-118.118,33.564,31.0,269,35,/Volumes/NASA_Spencer/SEAC4RS/DATA/eMAS_Data/Aug/Emas_02Aug/eMASL2AER_13949_03_20130802_1832_1846_20160627_1509.hdf,/Volumes/NASA_Spencer/SEAC4RS/DATA/Aeronet_Data/920801_160611_USC_SEAPRISM.lev20,--,0,nan,nan,2,0.0142920625,0.120334066755,0.984324714631,nan,0.061686500000000005,0.079645,nan,0.1001435,nan,0.1312535,0.117118,nan,nan,0.13281550000000003,0.147684,nan,0.16703050000000003,nan,nan
2013-08-02 18:52:00,El_Segundo,-118.382,33.913,25.0,366,1,/Volumes/NASA_Spencer/SEAC4RS/DATA/eMAS_Data/Aug/Emas_02Aug/eMASL2AER_13949_04_20130802_1852_1905_20160627_1509.hdf,/Volumes/NASA_Spencer/SEAC4RS/DATA/Aeronet_Data/920801_160611_El_Segundo.lev20,--,6,1.183,0.191549819455,0,nan,nan,nan,nan,nan,nan,nan,nan,nan,nan,nan,nan,nan,nan,nan,nan,nan,nan,nan
2013-08-02 18:52:00,Santa_Monica_Colg,-118.471,34.017,55.0,402,10,/Volumes/NASA_Spencer/SEAC4RS/DATA/eMAS_Data/Aug/Emas_02Aug/eMASL2AER_13949_04_20130802_1852_1905_20160627_1509.hdf,/Volumes/NASA_Spencer/SEAC4RS/DATA/Aeronet_Data/920801_160611_Santa_Monica_Colg.lev20,--,5,0.6654,0.0397119629331,1,0.0,0.220281813862,0.998454590584,0.06537899999999999,0.095939,0.126647,0.169501,nan,nan,nan,nan,nan,0.24157199999999998,nan,nan,0.27319899999999997,nan,0.311098,0.313175
2013-08-02 19:23:00,Fresno_2,-119.773,36.785,100.0,218,34,/Volumes/NASA_Spencer/SEAC4RS/DATA/eMAS_Data/Aug/Emas_02Aug/eMASL2AER_13949_06_20130802_1923_1935_20160627_1510.hdf,/Volumes/NASA_Spencer/SEAC4RS/DATA/Aeronet_Data/920801_160611_Fresno_2.lev20,--,7,0.402428571429,0.137283707433,5,0.002693117353051922,0.0400558294381,0.877172102845,nan,-0.004131999999999999,0.0236914,0.0308836,nan,nan,nan,nan,nan,0.047680400000000005,nan,nan,0.039576200000000006,nan,0.0494556,0.0366358
2013-08-02 22:53:00,NEON-SoaprootSaddle,-119.281,37.037,1360.0,307,8,/Volumes/NASA_Spencer/SEAC4RS/DATA/eMAS_Data/Aug/Emas_02Aug/eMASL2AER_13949_18_20130802_2253_2323_20160627_1514.hdf,/Volumes/NASA_Spencer/SEAC4RS/DATA/Aeronet_Data/920801_160611_NEON-SoaprootSaddle.lev20,-0.03,248,-0.0242459677419,0.014190807447,0,nan,nan,nan,nan,nan,nan,nan,nan,nan,nan,nan,nan,nan,nan,nan,nan,nan,nan,nan
2013-09-18 19:45:00,Cat_Spring,-96.326,29.829,90.0,335,58,/Volumes/NASA_Spencer/SEAC4RS/DATA/eMAS_Data/Sept/Emas_18Sept/eMASL2AER_13967_21_20130918_1945_1954_20160628_1019.hdf,/Volumes/NASA_Spencer/SEAC4RS/DATA/Aeronet_Data/920801_160611_Cat_Spring.lev20,--,120,0.515,0.186372834215,0,nan,nan,nan,nan,nan,nan,nan,nan,nan,nan,nan,nan,nan,nan,nan,nan,nan,nan,nan
2013-09-18 19:55:00,DRAGON_Conroe,-95.425,30.35,72.0,268,33,/Volumes/NASA_Spencer/SEAC4RS/DATA/eMAS_Data/Sept/Emas_18Sept/eMASL2AER_13967_22_20130918_1955_2009_20160628_1020.hdf,/Volumes/NASA_Spencer/SEAC4RS/DATA/Aeronet_Data/130501_131101_DRAGON_Conroe.lev20,--,56,0.601946428571,0.149570864672,0,nan,nan,nan,nan,nan,nan,nan,nan,nan,nan,nan,nan,nan,nan,nan,nan,nan,nan,nan
2013-09-18 19:55:00,DRAGON_NW_Harris_CO,-95.674,30.039,51.0,147,4,/Volumes/NASA_Spencer/SEAC4RS/DATA/eMAS_Data/Sept/Emas_18Sept/eMASL2AER_13967_22_20130918_1955_2009_20160628_1020.hdf,/Volumes/NASA_Spencer/SEAC4RS/DATA/Aeronet_Data/130501_131101_DRAGON_NW_Harris_CO.lev20,0.195,133,0.21854887218,0.0664523647769,3,0.012576264927505796,0.107963126014,0.998339137816,nan,0.029702999999999997,0.04781099999999999,0.07443899999999999,nan,nan,nan,nan,nan,0.12917366666666666,nan,nan,0.14594366666666667,nan,0.18203000000000003,0.21953733333333333
2013-09-18 20:13:00,DRAGON_Conroe,-95.425,30.35,72.0,266,39,/Volumes/NASA_Spencer/SEAC4RS/DATA/eMAS_Data/Sept/Emas_18Sept/eMASL2AER_13967_23_20130918_2013_2028_20160628_1020.hdf,/Volumes/NASA_Spencer/SEAC4RS/DATA/Aeronet_Data/130501_131101_DRAGON_Conroe.lev20,--,19,0.441684210526,0.100089987212,0,nan,nan,nan,nan,nan,nan,nan,nan,nan,nan,nan,nan,nan,nan,nan,nan,nan,nan,nan
2013-09-18 20:13:00,DRAGON_NW_Harris_CO,-95.674,30.039,51.0,391,49,/Volumes/NASA_Spencer/SEAC4RS/DATA/eMAS_Data/Sept/Emas_18Sept/eMASL2AER_13967_23_20130918_2013_2028_20160628_1020.hdf,/Volumes/NASA_Spencer/SEAC4RS/DATA/Aeronet_Data/130501_131101_DRAGON_NW_Harris_CO.lev20,--,69,0.593173913043,0.246075748708,3,0.025631190514018687,0.125904403578,0.998993668548,nan,0.035736333333333335,0.054972333333333324,0.08644633333333333,nan,nan,nan,nan,nan,0.1509886666666667,nan,nan,0.17404300000000003,nan,0.2198786666666667,0.2644006666666667
2013-09-18 20:32:00,DRAGON_Aldine,-95.326,29.901,20.0,150,7,/Volumes/NASA_Spencer/SEAC4RS/DATA/eMAS_Data/Sept/Emas_18Sept/eMASL2AER_13967_24_20130918_2032_2045_20160628_1021.hdf,/Volumes/NASA_Spencer/SEAC4RS/DATA/Aeronet_Data/130501_131101_DRAGON_Aldine.lev20,--,42,0.352738095238,0.047886303601,1,0.0,0.11650198593,0.986343350582,0.038832,0.044358999999999996,0.068236,0.076472,nan,nan,nan,nan,nan,0.144713,nan,nan,0.160727,nan,0.202795,0.241565
2013-09-18 20:32:00,DRAGON_UH_Sugarland,-95.652,29.574,22.0,10,6,/Volumes/NASA_Spencer/SEAC4RS/DATA/eMAS_Data/Sept/Emas_18Sept/eMASL2AER_13967_24_20130918_2032_2045_20160628_1021.hdf,/Volumes/NASA_Spencer/SEAC4RS/DATA/Aeronet_Data/130501_131101_DRAGON_UH_Sugarland.lev20,--,67,0.501925373134,0.137652093731,0,nan,nan,nan,nan,nan,nan,nan,nan,nan,nan,nan,nan,nan,nan,nan,nan,nan,nan,nan
2013-09-18 20:32:00,DRAGON_West_Houston,-95.657,29.833,34.0,70,50,/Volumes/NASA_Spencer/SEAC4RS/DATA/eMAS_Data/Sept/Emas_18Sept/eMASL2AER_13967_24_20130918_2032_2045_20160628_1021.hdf,/Volumes/NASA_Spencer/SEAC4RS/DATA/Aeronet_Data/130501_131101_DRAGON_West_Houston.lev20,--,117,0.319666666667,0.0841225195212,0,nan,nan,nan,nan,nan,nan,nan,nan,nan,nan,nan,nan,nan,nan,nan,nan,nan,nan,nan
2013-09-18 20:49:00,DRAGON_Aldine,-95.326,29.901,20.0,326,2,/Volumes/NASA_Spencer/SEAC4RS/DATA/eMAS_Data/Sept/Emas_18Sept/eMASL2AER_13967_25_20130918_2049_2101_20160628_1021.hdf,/Volumes/NASA_Spencer/SEAC4RS/DATA/Aeronet_Data/130501_131101_DRAGON_Aldine.lev20,--,41,0.263048780488,0.0435794487364,2,0.012981000000000003,0.104236469739,0.983302270083,0.037350999999999995,0.041028499999999996,0.0632645,0.068769,nan,nan,nan,nan,nan,0.12965300000000002,nan,nan,0.1419265,nan,0.1789095,0.212949
2013-09-18 20:49:00,DRAGON_Channel_View,-95.126,29.802,10.0,314,50,/Volumes/NASA_Spencer/SEAC4RS/DATA/eMAS_Data/Sept/Emas_18Sept/eMASL2AER_13967_25_20130918_2049_2101_20160628_1021.hdf,/Volumes/NASA_Spencer/SEAC4RS/DATA/Aeronet_Data/130501_131101_DRAGON_Channel_View.lev20,--,53,0.198830188679,0.0375613891725,5,0.0034047804206057347,0.0929641644969,0.983145128322,0.04572,0.043809,0.06283180000000001,0.06635139999999999,nan,nan,nan,nan,nan,0.10837179999999999,nan,nan,0.1252636,nan,0.1543768,0.17948480000000003
2013-09-18 20:49:00,DRAGON_Clinton,-95.257,29.734,10.0,356,38,/Volumes/NASA_Spencer/SEAC4RS/DATA/eMAS_Data/Sept/Emas_18Sept/eMASL2AER_13967_25_20130918_2049_2101_20160628_1021.hdf,/Volumes/NASA_Spencer/SEAC4RS/DATA/Aeronet_Data/130501_131101_DRAGON_Clinton.lev20,--,25,0.22716,0.0316514517834,0,nan,nan,nan,nan,nan,nan,nan,nan,nan,nan,nan,nan,nan,nan,nan,nan,nan,nan,nan
2013-09-18 20:49:00,DRAGON_Deer_Park,-95.128,29.67,10.0,348,68,/Volumes/NASA_Spencer/SEAC4RS/DATA/eMAS_Data/Sept/Emas_18Sept/eMASL2AER_13967_25_20130918_2049_2101_20160628_1021.hdf,/Volumes/NASA_Spencer/SEAC4RS/DATA/Aeronet_Data/130501_131101_DRAGON_Deer_Park.lev20,--,10,0.2614,0.0555107196855,9,0.005404980536540805,0.0909603618746,0.997100765933,0.03697544444444444,0.04842111111111111,0.05307911111111111,0.07154922222222222,nan,nan,nan,nan,nan,0.10571433333333334,nan,nan,0.11793933333333333,nan,0.13338188888888888,0.1621092222222222
2013-09-18 20:49:00,DRAGON_ManvelCroix,-95.393,29.52,19.0,433,52,/Volumes/NASA_Spencer/SEAC4RS/DATA/eMAS_Data/Sept/Emas_18Sept/eMASL2AER_13967_25_20130918_2049_2101_20160628_1021.hdf,/Volumes/NASA_Spencer/SEAC4RS/DATA/Aeronet_Data/130501_131101_DRAGON_ManvelCroix.lev20,0.168,65,0.346092307692,0.0971122622499,2,0.0059860625,0.094324545436,0.993092461936,0.050445500000000004,0.0461385,0.051097500000000004,0.0723545,nan,nan,nan,nan,nan,0.11530499999999999,nan,nan,0.117235,nan,0.15263,0.17265450000000002
2013-09-18 20:49:00,DRAGON_UH_W_Liberty,-94.978,30.058,24.0,222,31,/Volumes/NASA_Spencer/SEAC4RS/DATA/eMAS_Data/Sept/Emas_18Sept/eMASL2AER_13967_25_20130918_2049_2101_20160628_1021.hdf,/Volumes/NASA_Spencer/SEAC4RS/DATA/Aeronet_Data/130501_131101_DRAGON_UH_W_Liberty.lev20,--,36,0.503083333333,0.121498371045,4,0.010564146136222667,0.130449449007,0.993061457988,0.04564225,0.05791399999999999,0.07674575,0.0879515,nan,nan,nan,nan,nan,0.15595325,nan,nan,0.183724,nan,0.22386575,0.25615899999999997
2013-09-18 20:49:00,Univ_of_Houston,-95.342,29.718,65.0,375,26,/Volumes/NASA_Spencer/SEAC4RS/DATA/eMAS_Data/Sept/Emas_18Sept/eMASL2AER_13967_25_20130918_2049_2101_20160628_1021.hdf,/Volumes/NASA_Spencer/SEAC4RS/DATA/Aeronet_Data/920801_160611_Univ_of_Houston.lev20,--,26,0.261538461538,0.0358492900576,2,0.0011427499999999988,0.0767228245983,0.998399011403,0.0395625,0.036276499999999996,0.043616,0.0569915,nan,nan,nan,nan,nan,0.090728,nan,nan,0.10465550000000001,nan,0.128799,0.154889
2013-08-21 16:40:00,UAHuntsville,-86.645,34.725,223.0,640,34,/Volumes/NASA_Spencer/SEAC4RS/DATA/eMAS_Data/Aug/Emas_21Aug/eMASL2AER_13956_07_20130821_1640_1704_20160627_1540.hdf,/Volumes/NASA_Spencer/SEAC4RS/DATA/Aeronet_Data/920801_160611_UAHuntsville.lev20,--,1,0.816,0.0,0,nan,nan,nan,nan,nan,nan,nan,nan,nan,nan,nan,nan,nan,nan,nan,nan,nan,nan,nan
2013-08-21 21:03:00,DRAGON_Galveston,-94.861,29.254,1.0,974,41,/Volumes/NASA_Spencer/SEAC4RS/DATA/eMAS_Data/Aug/Emas_21Aug/eMASL2AER_13956_24_20130821_2103_2130_20160627_1545.hdf,/Volumes/NASA_Spencer/SEAC4RS/DATA/Aeronet_Data/130501_131101_DRAGON_Galveston.lev20,2.733,18,1.24238888889,1.23873094285,19,0.006882215633638539,0.100448623686,0.983199528608,0.0565121052631579,0.05780657894736843,0.0747988947368421,0.07975368421052632,nan,nan,nan,nan,nan,0.11574889473684209,nan,nan,0.12036726315789474,nan,0.14320636842105264,0.1655276842105263
2013-08-21 21:03:00,DRAGON_Galveston_DP,-94.861,29.254,1.0,974,41,/Volumes/NASA_Spencer/SEAC4RS/DATA/eMAS_Data/Aug/Emas_21Aug/eMASL2AER_13956_24_20130821_2103_2130_20160627_1545.hdf,/Volumes/NASA_Spencer/SEAC4RS/DATA/Aeronet_Data/130501_131101_DRAGON_Galveston_DP.lev20,2.733,18,1.24238888889,1.23873094285,0,nan,nan,nan,nan,nan,nan,nan,nan,nan,nan,nan,nan,nan,nan,nan,nan,nan,nan,nan
2013-09-23 15:56:00,DRAGON_Channel_View,-95.126,29.802,10.0,164,61,/Volumes/NASA_Spencer/SEAC4RS/DATA/eMAS_Data/Sept/Emas_23Sept/eMASL2AER_13969_02_20130923_1556_1606_20160628_1029.hdf,/Volumes/NASA_Spencer/SEAC4RS/DATA/Aeronet_Data/130501_131101_DRAGON_Channel_View.lev20,--,0,nan,nan,0,nan,nan,nan,nan,nan,nan,nan,nan,nan,nan,nan,nan,nan,nan,nan,nan,nan,nan,nan
2013-09-23 15:56:00,DRAGON_SeabrookPark,-95.016,29.583,4.0,78,68,/Volumes/NASA_Spencer/SEAC4RS/DATA/eMAS_Data/Sept/Emas_23Sept/eMASL2AER_13969_02_20130923_1556_1606_20160628_1029.hdf,/Volumes/NASA_Spencer/SEAC4RS/DATA/Aeronet_Data/130501_131101_DRAGON_SeabrookPark.lev20,--,0,nan,nan,1,0.0,0.0713975528285,0.994254980188,0.021987,0.020893000000000002,0.032478,0.045741000000000004,nan,nan,nan,nan,nan,0.088763,nan,nan,0.10827,nan,0.136408,0.170217
2013-09-23 15:56:00,DRAGON_Smith_Point,-94.787,29.546,1.0,31,27,/Volumes/NASA_Spencer/SEAC4RS/DATA/eMAS_Data/Sept/Emas_23Sept/eMASL2AER_13969_02_20130923_1556_1606_20160628_1029.hdf,/Volumes/NASA_Spencer/SEAC4RS/DATA/Aeronet_Data/130501_131101_DRAGON_Smith_Point.lev20,--,17,0.328,0.127842734271,3,0.005611745072361479,0.067756585762,0.994719998417,nan,0.025213666666666665,0.033037000000000004,0.046247666666666666,nan,nan,nan,nan,nan,0.084677,nan,nan,0.09613533333333334,nan,0.11234666666666666,0.14655666666666667
2013-09-23 15:56:00,DRAGON_UH_W_Liberty,-94.978,30.058,24.0,224,0,/Volumes/NASA_Spencer/SEAC4RS/DATA/eMAS_Data/Sept/Emas_23Sept/eMASL2AER_13969_02_20130923_1556_1606_20160628_1029.hdf,/Volumes/NASA_Spencer/SEAC4RS/DATA/Aeronet_Data/130501_131101_DRAGON_UH_W_Liberty.lev20,--,0,nan,nan,0,nan,nan,nan,nan,nan,nan,nan,nan,nan,nan,nan,nan,nan,nan,nan,nan,nan,nan,nan
2013-09-23 16:06:00,DRAGON_Conroe,-95.425,30.35,72.0,35,41,/Volumes/NASA_Spencer/SEAC4RS/DATA/eMAS_Data/Sept/Emas_23Sept/eMASL2AER_13969_03_20130923_1606_1630_20160628_1029.hdf,/Volumes/NASA_Spencer/SEAC4RS/DATA/Aeronet_Data/130501_131101_DRAGON_Conroe.lev20,--,0,nan,nan,0,nan,nan,nan,nan,nan,nan,nan,nan,nan,nan,nan,nan,nan,nan,nan,nan,nan,nan,nan
2013-09-23 22:04:00,NEON-RailroadValley,-115.691,38.497,1437.0,217,69,/Volumes/NASA_Spencer/SEAC4RS/DATA/eMAS_Data/Sept/Emas_23Sept/eMASL2AER_13969_20_20130923_2204_2217_20160628_1037.hdf,/Volumes/NASA_Spencer/SEAC4RS/DATA/Aeronet_Data/920801_160611_NEON-RailroadValley.lev20,--,0,nan,nan,0,nan,nan,nan,nan,nan,nan,nan,nan,nan,nan,nan,nan,nan,nan,nan,nan,nan,nan,nan
2013-09-23 22:04:00,Railroad_Valley,-115.962,38.504,1435.0,270,35,/Volumes/NASA_Spencer/SEAC4RS/DATA/eMAS_Data/Sept/Emas_23Sept/eMASL2AER_13969_20_20130923_2204_2217_20160628_1037.hdf,/Volumes/NASA_Spencer/SEAC4RS/DATA/Aeronet_Data/920801_160611_Railroad_Valley.lev20,--,41,-0.0361463414634,0.0289790176201,5,0.0008597315094079377,0.0247849800795,0.995078014098,nan,0.008894599999999999,0.013922599999999999,0.0182452,nan,nan,nan,nan,nan,0.028353800000000002,nan,nan,0.0347552,nan,0.0441932,nan
2013-09-22 18:56:00,Calipso_Sabine_Frst,-93.867,31.607,68.0,237,10,/Volumes/NASA_Spencer/SEAC4RS/DATA/eMAS_Data/Sept/Emas_22Sept/eMASL2AER_13968_23_20130922_1856_1903_20160628_1028.hdf,/Volumes/NASA_Spencer/SEAC4RS/DATA/Aeronet_Data/130501_131101_Calipso_Sabine_Frst.lev20,0.03,125,0.022608,0.0262461870755,0,nan,nan,nan,nan,nan,nan,nan,nan,nan,nan,nan,nan,nan,nan,nan,nan,nan,nan,nan
2013-09-22 19:05:00,DRAGON_Aldine,-95.326,29.901,20.0,616,17,/Volumes/NASA_Spencer/SEAC4RS/DATA/eMAS_Data/Sept/Emas_22Sept/eMASL2AER_13968_24_20130922_1905_1929_20160628_1028.hdf,/Volumes/NASA_Spencer/SEAC4RS/DATA/Aeronet_Data/130501_131101_DRAGON_Aldine.lev20,-0.007,74,0.0914324324324,0.0416030407806,4,0.004037223296337949,0.0421650361445,0.915201541288,0.009764749999999999,0.00825,0.027235749999999996,0.02265125,nan,nan,nan,nan,nan,0.05660575,nan,nan,0.05861899999999999,nan,0.07172125,0.09364349999999999
2013-09-22 19:05:00,DRAGON_Channel_View,-95.126,29.802,10.0,622,67,/Volumes/NASA_Spencer/SEAC4RS/DATA/eMAS_Data/Sept/Emas_22Sept/eMASL2AER_13968_24_20130922_1905_1929_20160628_1028.hdf,/Volumes/NASA_Spencer/SEAC4RS/DATA/Aeronet_Data/130501_131101_DRAGON_Channel_View.lev20,--,0,nan,nan,0,nan,nan,nan,nan,nan,nan,nan,nan,nan,nan,nan,nan,nan,nan,nan,nan,nan,nan,nan
2013-09-22 19:05:00,DRAGON_Clinton,-95.257,29.734,10.0,657,52,/Volumes/NASA_Spencer/SEAC4RS/DATA/eMAS_Data/Sept/Emas_22Sept/eMASL2AER_13968_24_20130922_1905_1929_20160628_1028.hdf,/Volumes/NASA_Spencer/SEAC4RS/DATA/Aeronet_Data/130501_131101_DRAGON_Clinton.lev20,--,6,0.2845,0.0314470454362,3,0.005521124673786171,0.0709656675431,0.981566514346,0.013459333333333332,0.037956333333333335,0.038515,0.04916433333333333,nan,nan,nan,nan,nan,0.08911333333333334,nan,nan,0.08952466666666666,nan,0.09909833333333333,0.10974
2013-09-22 19:05:00,DRAGON_ManvelCroix,-95.393,29.52,19.0,737,50,/Volumes/NASA_Spencer/SEAC4RS/DATA/eMAS_Data/Sept/Emas_22Sept/eMASL2AER_13968_24_20130922_1905_1929_20160628_1028.hdf,/Volumes/NASA_Spencer/SEAC4RS/DATA/Aeronet_Data/130501_131101_DRAGON_ManvelCroix.lev20,0.104,112,0.1299375,0.0401264254865,0,nan,nan,nan,nan,nan,nan,nan,nan,nan,nan,nan,nan,nan,nan,nan,nan,nan,nan,nan
2013-09-22 19:05:00,DRAGON_UH_W_Liberty,-94.978,30.058,24.0,530,66,/Volumes/NASA_Spencer/SEAC4RS/DATA/eMAS_Data/Sept/Emas_22Sept/eMASL2AER_13968_24_20130922_1905_1929_20160628_1028.hdf,/Volumes/NASA_Spencer/SEAC4RS/DATA/Aeronet_Data/130501_131101_DRAGON_UH_W_Liberty.lev20,--,15,0.417533333333,0.197408499198,0,nan,nan,nan,nan,nan,nan,nan,nan,nan,nan,nan,nan,nan,nan,nan,nan,nan,nan,nan
2013-09-22 19:05:00,Univ_of_Houston,-95.342,29.718,65.0,672,36,/Volumes/NASA_Spencer/SEAC4RS/DATA/eMAS_Data/Sept/Emas_22Sept/eMASL2AER_13968_24_20130922_1905_1929_20160628_1028.hdf,/Volumes/NASA_Spencer/SEAC4RS/DATA/Aeronet_Data/920801_160611_Univ_of_Houston.lev20,--,11,0.242818181818,0.0249429100213,0,nan,nan,nan,nan,nan,nan,nan,nan,nan,nan,nan,nan,nan,nan,nan,nan,nan,nan,nan
2013-09-13 22:20:00,DRAGON_Galveston,-94.861,29.254,1.0,1064,14,/Volumes/NASA_Spencer/SEAC4RS/DATA/eMAS_Data/Sept/Emas_13Sept/eMASL2AER_13965_30_20130913_2220_2250_20160628_1004.hdf,/Volumes/NASA_Spencer/SEAC4RS/DATA/Aeronet_Data/130501_131101_DRAGON_Galveston.lev20,--,47,0.602021276596,0.974614915538,16,0.0032039371607990954,0.155507867431,0.998428087294,0.031355625000000005,0.048124687500000006,0.07046293749999998,0.1026915625,nan,nan,nan,nan,nan,0.18832112500000003,nan,nan,0.22666268749999996,nan,0.28670637499999996,0.33423193749999996
2013-09-13 22:20:00,DRAGON_Galveston_DP,-94.861,29.254,1.0,1064,14,/Volumes/NASA_Spencer/SEAC4RS/DATA/eMAS_Data/Sept/Emas_13Sept/eMASL2AER_13965_30_20130913_2220_2250_20160628_1004.hdf,/Volumes/NASA_Spencer/SEAC4RS/DATA/Aeronet_Data/130501_131101_DRAGON_Galveston_DP.lev20,--,47,0.602021276596,0.974614915538,2,0.0007160000000000018,0.149355023175,0.999655649342,0.0253625,0.04302,0.061129,0.0968605,nan,nan,nan,nan,nan,0.1803865,nan,nan,0.22663450000000002,nan,0.2884965,0.33393649999999997
2013-09-13 22:51:00,UH_Coastal_Center,-95.043,29.388,5.0,17,17,/Volumes/NASA_Spencer/SEAC4RS/DATA/eMAS_Data/Sept/Emas_13Sept/eMASL2AER_13965_31_20130913_2251_2253_20160628_1005.hdf,/Volumes/NASA_Spencer/SEAC4RS/DATA/Aeronet_Data/920801_160611_UH_Coastal_Center.lev20,--,103,0.281611650485,0.0217520149763,11,0.005785095868456561,0.177704274993,0.999744957188,nan,0.049068727272727285,0.07060554545454546,0.1155680909090909,nan,nan,nan,nan,nan,0.21492899999999998,nan,nan,0.2667695454545455,nan,0.3412944545454546,0.39714518181818176
